
    {
      "label": "Commercial Buildings",
      "visible": false,
      "items": [
    { "label": "中国出口商品交易会流花路旧址", "lat": 23.14296, "lng": 113.257971 },
{ "label": "太如茶楼旧址", "lat": 23.11357, "lng": 113.252397 },
{ "label": "光复中路当楼旧址", "lat": 23.117014, "lng": 113.251563 },
{ "label": "添男茶楼旧址", "lat": 23.112217, "lng": 113.25058 },
{ "label": "生隆昌老号旧址", "lat": 23.112398, "lng": 113.252478 },
{ "label": "大同酒家", "lat": 23.108482, "lng": 113.254793 },
{ "label": "山庄旅舍", "lat": 23.19637, "lng": 113.308289 },
{ "label": "白云宾馆", "lat": 23.13774, "lng": 113.286536 },
{ "label": "花园酒店", "lat": 23.135124, "lng": 113.286216 },
{ "label": "流花宾馆北楼", "lat": 23.146517, "lng": 113.25632 },
{ "label": "流花宾馆南楼", "lat": 23.146163, "lng": 113.256218 },
{ "label": "广东迎宾馆碧海楼", "lat": 23.129634, "lng": 113.261167 },
{ "label": "广东迎宾馆净慧楼", "lat": 23.128486, "lng": 113.261321 },
{ "label": "广东迎宾馆六榕楼", "lat": 23.12842, "lng": 113.259972 },
{ "label": "羊城宾馆旧址", "lat": 23.13932, "lng": 113.258599 },
{ "label": "东方宾馆西楼", "lat": 23.13932, "lng": 113.258599 },
{ "label": "中国大酒店", "lat": 23.139938, "lng": 113.26044 },
{ "label": "广州宾馆", "lat": 23.115912, "lng": 113.265621 },
{ "label": "矿泉别墅旧址", "lat": 23.163054, "lng": 113.253873 },
{ "label": "北平旅店旧址", "lat": 23.109118, "lng": 113.255599 },
{ "label": "新爱群大厦", "lat": 23.109473, "lng": 113.257038 },
{ "label": "大新路276号骑楼", "lat": 23.115898, "lng": 113.257911 },
{ "label": "大新路278号骑楼", "lat": 23.115848, "lng": 113.25779 },
{ "label": "大新路407、409号骑楼", "lat": 23.114977, "lng": 113.254457 },
{ "label": "广九四马路21、23号骑楼", "lat": 23.118319, "lng": 113.281711 },
{ "label": "惠福西路106号骑楼", "lat": 23.120325, "lng": 113.256645 },
{ "label": "人民南路140号骑楼", "lat": 23.113198, "lng": 113.253512 },
{ "label": "文德路53、55、57、59号骑楼", "lat": 23.121945, "lng": 113.272065 },
{ "label": "沿江西路55、57号骑楼", "lat": 23.108053, "lng": 113.253627 },
{ "label": "大新路341号骑楼", "lat": 23.115297, "lng": 113.255883 },
{ "label": "大新路343号骑楼", "lat": 23.115315, "lng": 113.255891 },
{ "label": "大新路349号骑楼", "lat": 23.115298, "lng": 113.255787 },
{ "label": "海珠南路152、152-1、152-2、152-3号骑楼", "lat": 23.114148, "lng": 113.2568 },
{ "label": "海珠中路113号骑楼", "lat": 23.120148, "lng": 113.256261 },
{ "label": "南华西路77、79号骑楼", "lat": 23.10532, "lng": 113.254022 },
{ "label": "中国福安保险公司广州分公司旧址", "lat": 23.111653, "lng": 113.251956 },
{ "label": "位元堂旧址", "lat": 23.112392, "lng": 113.252413 },
{ "label": "位元堂栈房旧址", "lat": 23.112358, "lng": 113.252223 },
{ "label": "黄耀南老药行旧址", "lat": 23.111987, "lng": 113.251205 },
{ "label": "下九路天喜堂旧址", "lat": 23.113858, "lng": 113.246794 },
{ "label": "大新路107号骑楼", "lat": 23.116384, "lng": 113.26171 },
{ "label": "大新路73、75号骑楼", "lat": 23.1165, "lng": 113.262444 },
{ "label": "一德路173、175、177、179、181号骑楼", "lat": 23.113791, "lng": 113.261841 },
{ "label": "安亚药行旧址", "lat": 23.112365, "lng": 113.255149 },
{ "label": "香港中国康年人寿保险公司旧址", "lat": 23.112338, "lng": 113.255085 },
{ "label": "东里大街商铺旧址", "lat": 22.827282, "lng": 113.507313 },
{ "label": "北京路370号骑楼", "lat": 23.127101, "lng": 113.268972 },
{ "label": "西湖路80号骑楼", "lat": 23.123095, "lng": 113.26529 },
{ "label": "西湖路82号骑楼", "lat": 23.123047, "lng": 113.265188 },
{ "label": "恩宁路46~54号（双号）骑楼", "lat": 23.115284, "lng": 113.236596 },
{ "label": "恩宁路140号骑楼", "lat": 23.114053, "lng": 113.238542 },
{ "label": "恩宁路255、257号骑楼", "lat": 23.11351, "lng": 113.241028 },
{ "label": "陈永记旧址", "lat": 23.116908, "lng": 113.249031 },
{ "label": "皇上皇腊味店", "lat": 23.11385, "lng": 113.246152 },
{ "label": "蛇王福旧址", "lat": 23.111788, "lng": 113.252757 },
{ "label": "黄河洋行旧址", "lat": 23.111829, "lng": 113.251524 },
{ "label": "黄祥华如意油广州总店旧址", "lat": 23.112281, "lng": 113.251966 },
{ "label": "天泉银号旧址", "lat": 23.112771, "lng": 113.251959 },
{ "label": "西荣巷32号后货楼旧址", "lat": 23.11382, "lng": 113.252047 },
{ "label": "道亨银号货楼旧址", "lat": 23.112257, "lng": 113.252526 },
{ "label": "人民南路185号骑楼", "lat": 23.114416, "lng": 113.252703 },
{ "label": "人民南路33号骑楼", "lat": 23.109899, "lng": 113.253661 },
{ "label": "人民南路35号骑楼", "lat": 23.109857, "lng": 113.253786 },
{ "label": "人民南路37号骑楼", "lat": 23.109832, "lng": 113.253821 },
{ "label": "人民南路7号骑楼", "lat": 23.108865, "lng": 113.253795 },
{ "label": "荣珍酒楼旧址", "lat": 23.115268, "lng": 113.249843 },
{ "label": "上九路72号骑楼", "lat": 23.115531, "lng": 113.25101 },
{ "label": "富国茶楼旧址", "lat": 23.110626, "lng": 113.246118 }
  ]
}




