{
    "label": "Industrial Buildings",
    "visible": false,
    "items": [
      { "label": "诚志堂货仓旧址", "lat": 23.095412, "lng": 113.250524 },
  { "label": "东亚烟厂旧址", "lat": 23.104509, "lng": 113.251771 },
  { "label": "西村电厂输送桥", "lat": 23.138854, "lng": 113.232305 },
  { "label": "天成路96、98号广彩加工场旧址", "lat": 23.114381, "lng": 113.255557 },
  { "label": "粤汉铁路黄沙车站旧址", "lat": 22.989125, "lng": 113.277732 },
  { "label": "华侨糖厂旧址（拱形仓库）", "lat": 23.153181, "lng": 113.219818 },
  { "label": "广州铁路局援外仓建筑群旧址（1号仓）", "lat": 23.142746, "lng": 113.374574 },
  { "label": "广州铁路局援外仓建筑群旧址（9号仓）", "lat": 23.142746, "lng": 113.374574 },
  { "label": "广州铁路局援外仓建筑群旧址（办公楼）", "lat": 23.142746, "lng": 113.374574 },
  { "label": "广州造纸厂旧址大烟囱", "lat": 23.073896, "lng": 113.267857 },
  { "label": "广州造纸厂旧址码头高层仓", "lat": 23.073896, "lng": 113.267857 },
  { "label": "广州造纸厂旧址水塘及驳岸", "lat": 23.073896, "lng": 113.267857 },
  { "label": "广州造纸厂旧址新浊水泵房", "lat": 23.073896, "lng": 113.267857 },
  { "label": "广州造纸厂旧址1号煤仓", "lat": 23.073896, "lng": 113.267857 },
  { "label": "广州造纸厂旧址2号煤仓", "lat": 23.073896, "lng": 113.267857 },
  { "label": "广东省石油公司昌岗路油库", "lat": 23.080911, "lng": 113.258283 },
  { "label": "第一棉纺厂旧址1号车间", "lat": 23.081381, "lng": 113.26426 },
  { "label": "录顺船坞", "lat": 23.259036, "lng": 113.532165 },
  { "label": "张安昌中药厂旧址", "lat": 23.112236, "lng": 113.251461 },
  { "label": "广州市第二棉纺厂旧址（部分车间）", "lat": 23.118862, "lng": 113.354943 },
  { "label": "广州啤酒厂麦仓旧址", "lat": 23.145427, "lng": 113.236568 },
  { "label": "广东罐头厂冷库旧址", "lat": 23.110456, "lng": 113.370737 },
  { "label": "广东罐头厂包装仓库及站台旧址", "lat": 23.110456, "lng": 113.370737 },
  { "label": "增城糖纸厂蒸煮车间旧址", "lat": 23.299662, "lng": 113.843509 },
  { "label": "大干围仓库旧址", "lat": 23.061392, "lng": 113.316089 },
  { "label": "城安围船厂旧址（第13号、14号、15号、16号车间、下水滑道）", "lat": 23.054588, "lng": 113.299097 },
  { "label": "广州纺织机械厂旧址（装配车间、木模车间、布配和机械车间、机装车间、铆杆开料车间、退火炉）", "lat": 23.098818, "lng": 113.324615 },
  { "label": "广摩集团五羊钢管厂旧址（4号车间）", "lat": 23.28153, "lng": 113.244476 },
  { "label": "广州纤维板厂旧址（水塔、纤维板车间、锅炉房、起木码头）", "lat": 23.244831, "lng": 113.218168 },
  { "label": "广东省粮油储运公司第二仓库（10、16、18、22、26号仓库）", "lat": 23.039813, "lng": 113.417109 },
  { "label": "黄埔老港（钢板桩码头、6号仓）", "lat": 23.093402, "lng": 113.450125 },
  { "label": "文冲船厂（1号船坞、2号船坞）", "lat": 23.090354, "lng": 113.473726 },
  { "label": "大濠洲西后导标塔", "lat": 23.092354, "lng": 113.459679 },
  { "label": "鱼珠船厂旧址（港池船排、候工房）", "lat": 23.09605, "lng": 113.433396 }
    ]
  }