{
    "label": "Military Buildings",
    "visible": false,
    "items": [
      { "label": "民国广东警备司令部旧址", "lat": 23.13023, "lng": 113.267167 },
  { "label": "沙湾镇北村民兵营部旧址", "lat": 22.903745, "lng": 113.334401 },
  { "label": "粤赣湘边纵队东江第三支队六团增城人民常备第二大队部旧址", "lat": 23.286264, "lng": 113.838653 },
  { "label": "上塘村炮楼", "lat": 23.149988, "lng": 113.832437 },
  { "label": "石迳村炮楼", "lat": 23.236995, "lng": 113.679568 },
  { "label": "民乐村炮楼", "lat": 23.546277, "lng": 113.585226 },
  { "label": "五丰村鲇鱼塘", "lat": 23.546277, "lng": 113.585226 },
  { "label": "石岭村碉楼", "lat": 23.703706, "lng": 113.657611 },
  { "label": "民国广东警备司令部旧址", "lat": 23.130231, "lng": 113.267167 }
    ]
  }