{
    "label": "Public Buildings",
    "visible": false,
    "items": [
      { "label": "华南土特产展览交流大会旧址水产馆", "lat": 23.109669, "lng": 113.251401 },
  { "label": "华南土特产展览交流大会旧址省际馆", "lat": 23.109669, "lng": 113.251401 },
  { "label": "华南土特产展览交流大会旧址手工业馆", "lat": 23.109669, "lng": 113.251401 },
  { "label": "华南土特产展览交流大会旧址水果蔬菜馆", "lat": 23.109669, "lng": 113.251401 },
  { "label": "华南土特产展览交流大会旧址门楼", "lat": 23.109669, "lng": 113.251401 },
  { "label": "西汉南越王博物馆建筑群", "lat": 23.138452, "lng": 113.261319 },
  { "label": "广东科学馆大楼", "lat": 23.13284, "lng": 113.262844 },
  { "label": "广州中苏友好大厦旧址", "lat": 23.14296, "lng": 113.257971 },
  { "label": "友谊剧院", "lat": 23.145134, "lng": 113.257519 },
  { "label": "广东省农业展览馆旧址", "lat": 23.138707, "lng": 113.299932 },
  { "label": "广州美术学院主楼", "lat": 23.093278, "lng": 113.279114 },
  { "label": "救亡日报社南迁广州旧址", "lat": 23.118259, "lng": 113.250973 },
  { "label": "明心书院建筑群旧址之一", "lat": 23.101101, "lng": 113.238494 },
  { "label": "明心书院建筑群旧址之二", "lat": 23.098814, "lng": 113.238938 },
  { "label": "明心书院建筑群旧址之三", "lat": 23.099766, "lng": 113.239608 },
  { "label": "明心书院建筑群旧址之四", "lat": 23.098711, "lng": 113.238746 },
  { "label": "明心书院建筑群旧址之五", "lat": 23.098711, "lng": 113.238746 },
  { "label": "广州市第二中学教学楼旧址 （一中楼）", "lat": 23.113169, "lng": 113.23467 },
  { "label": "华南工学院办公大楼旧址", "lat": 23.150129, "lng": 113.347859 },
  { "label": "华南工学院化工实验室大楼旧址", "lat": 23.150129, "lng": 113.347859 },
  { "label": "华南工学院化工系楼旧址", "lat": 23.150129, "lng": 113.347859 },
  { "label": "华南工学院数学电讯楼旧址", "lat": 23.150129, "lng": 113.347859 },
  { "label": "华南工学院图书馆旧址", "lat": 23.152082, "lng": 113.345982 },
  { "label": "华南工学院物理楼旧址", "lat": 23.150129, "lng": 113.347859 },
  { "label": "华南工学院综合教学楼旧址", "lat": 23.150129, "lng": 113.347859 },
  { "label": "广州市总工会办公楼", "lat": 23.131369, "lng": 113.260653 },
  { "label": "广州市总工会礼堂", "lat": 23.131369, "lng": 113.260653 },
  { "label": "广东国民大学第二校舍旧址", "lat": 23.12025, "lng": 113.257865 },
  { "label": "教育路何氏书院旧址", "lat": 23.123822, "lng": 113.265643 },
  { "label": "考亭书院旧址", "lat": 23.124469, "lng": 113.266414 },
  { "label": "法国天主教会东山安老院旧址", "lat": 23.128282, "lng": 113.305099 },
  { "label": "广州大中中学旧址", "lat": 23.136451, "lng": 113.273706 },
  { "label": "见大书院旧址", "lat": 23.124901, "lng": 113.266858 },
  { "label": "广东妇女解放协会旧址", "lat": 23.121496, "lng": 113.277685 },
  { "label": "中山医学院药理寄生虫楼旧址", "lat": 23.129506, "lng": 113.289218 },
  { "label": "中西医院旧址", "lat": 23.108252, "lng": 113.26361 },
  { "label": "伍家祠道教会医院旧址", "lat": 23.1038, "lng": 113.257098 },
  { "label": "两广浸信会医院附属建筑旧址", "lat": 23.121925, "lng": 113.293612 },
  { "label": "达保罗医院旧址", "lat": 23.119646, "lng": 113.253181 },
  { "label": "奇和堂药局旧址", "lat": 23.11211, "lng": 113.247439 },
  { "label": "明珠影画院旧址", "lat": 23.111697, "lng": 113.260891 },
  { "label": "广东国际大厦", "lat": 23.138617, "lng": 113.282611 },
  { "label": "趣园红楼旧址", "lat": 23.092528, "lng": 113.252207 },
  { "label": "民国广州第十一区警署警察宿舍旧址", "lat": 23.102172, "lng": 113.269735 },
  { "label": "华南工学院南一宿舍1~6号旧址", "lat": 23.152082, "lng": 113.345982 },
  { "label": "先施公司附属建筑群旧址", "lat": 23.111725, "lng": 113.25826 },
  { "label": "智兴街明园", "lat": 23.128807, "lng": 113.280749 },
  { "label": "慎园", "lat": 23.119168, "lng": 113.296978 },
  { "label": "平正纪念楼", "lat": 23.123333, "lng": 113.294546 },
  { "label": "进园", "lat": 23.122265, "lng": 113.299434 },
  { "label": "华南植物园水榭", "lat": 23.186873, "lng": 113.367191 },
  { "label": "兰圃", "lat": 23.142594, "lng": 113.259982 },
  { "label": "著义小学校旧址（门楼）", "lat": 23.296653, "lng": 113.26835 },
  { "label": "五龙岗村学校旧址（门楼）", "lat": 23.244256, "lng": 113.283213 },
  { "label": "枧村渤海里门楼", "lat": 23.546277, "lng": 113.585226 },
  { "label": "枧村仁厚里门楼", "lat": 23.546277, "lng": 113.585226 },
  { "label": "温泉镇乌石村大围队门楼", "lat": 23.853954, "lng": 113.809549 },
  { "label": "北亭村“路接青云”街门", "lat": 23.047938, "lng": 113.374915 },
  { "label": "大岭村龙津街街门", "lat": 22.985158, "lng": 113.477564 },
  { "label": "大岭村龙荫坊坊门", "lat": 22.985158, "lng": 113.477564 },
  { "label": "大岭村耀德里坊门", "lat": 22.985158, "lng": 113.477564 },
  { "label": "大岭村颖源里坊门", "lat": 22.985158, "lng": 113.477564 },
  { "label": "大岭村“沙井气”古井", "lat": 22.985158, "lng": 113.477564 },
  { "label": "大岭村大巷巷门", "lat": 22.985158, "lng": 113.477564 },
  { "label": "穗石村“长林厚道”村门", "lat": 23.050558, "lng": 113.414741 },
  { "label": "穗石村双桂坊门楼", "lat": 23.046805, "lng": 113.410209 },
  { "label": "广东省荣军医院旧址（观鱼亭和碧漪亭）", "lat": 23.088857, "lng": 113.396211 },
  { "label": "茅岗村塘口门楼", "lat": 23.110261, "lng": 113.433913 },
  { "label": "时敏桥", "lat": 23.116897, "lng": 113.235328 },
  { "label": "芳村儿童托养院旧址", "lat": 23.098121, "lng": 113.243251 },
  { "label": "明心书院建筑群旧址之六", "lat": 23.098711, "lng": 113.238746 },
  { "label": "西华路彩虹桥", "lat": 23.132227, "lng": 113.246943 },
  { "label": "佛塱上南客家围屋", "lat": 23.369851, "lng": 113.532146 },
  { "label": "小虎岛人民公社礼堂旧址", "lat": 22.843267, "lng": 113.532923 },
  { "label": "暨南大学办公楼旧址", "lat": 23.130324, "lng": 113.348478 },
  { "label": "华南农业大学亚太地区蚕桑培训中心", "lat": 23.159671, "lng": 113.351813 },
  { "label": "流花湖公园南门", "lat": 23.137227, "lng": 113.249368 },
  { "label": "流花湖公园红桥及葵堤", "lat": 23.137227, "lng": 113.249368 },
  { "label": "东湖公园九曲桥", "lat": 23.115193, "lng": 113.292052 },
  { "label": "东湖公园船闸", "lat": 23.115193, "lng": 113.292052 },
  { "label": "东湖公园西门", "lat": 23.115193, "lng": 113.292052 },
  { "label": "粤汉铁路流溪河大桥", "lat": 23.267578, "lng": 113.230052 },
  { "label": "城郊村逸亭书舍", "lat": 23.546277, "lng": 113.585226 },
  { "label": "高田村平山围门楼", "lat": 23.546277, "lng": 113.585226 },
  { "label": "沙湾镇正园", "lat": 22.905865, "lng": 113.335966 },
  { "label": "沙湾镇沙坑会场", "lat": 22.913202, "lng": 113.344254 },
  { "label": "沙湾镇公局巷孖井", "lat": 22.903715, "lng": 113.336322 },
  { "label": "沙湾镇安宁西街大中堂", "lat": 22.902987, "lng": 113.335811 },
  { "label": "沙湾镇三槐里社稷坛", "lat": 22.907173, "lng": 113.335969 },
  { "label": "沙湾镇何氏福荫堂", "lat": 22.902152, "lng": 113.33609 },
  { "label": "广州美术学院附属中等美术学校南楼", "lat": 23.092635, "lng": 113.278528 },
  { "label": "朗头村近光里巷口书室", "lat": 23.352072, "lng": 113.075299 },
  { "label": "敬思堂", "lat": 23.07386, "lng": 113.409209 },
  { "label": "广州华侨学生补习学校石牌旧址", "lat": 23.130324, "lng": 113.348478 },
  { "label": "中华人民共和国广州华侨学生接待站", "lat": 23.151673, "lng": 113.331995 },
  { "label": "华南农学院7号楼", "lat": 23.158908, "lng": 113.356424 },
  { "label": "华南农学院11号楼", "lat": 23.158908, "lng": 113.356424 },
  { "label": "同安南约门楼", "lat": 22.625484, "lng": 110.144045 },
  { "label": "流花西苑", "lat": 23.137227, "lng": 113.249368 },
  { "label": "广九铁路俱乐部旧址", "lat": 23.124396, "lng": 113.29853 },
  { "label": "梧岗书舍", "lat": 23.279395, "lng": 113.235404 },
  { "label": "泰昌书舍", "lat": 23.349783, "lng": 113.174852 },
  { "label": "德寿里门楼", "lat": 23.198038, "lng": 113.264467 },
  { "label": "丁联社旧址", "lat": 23.346792, "lng": 113.28584 },
  { "label": "沛泽源流门楼", "lat": 23.350189, "lng": 113.315911 },
  { "label": "滘心南堤水闸与滘心乡堤基宪示碑", "lat": 23.221884, "lng": 113.257489 },
  { "label": "月峯书舍", "lat": 23.296115, "lng": 113.304052 },
  { "label": "丽翁书舍", "lat": 23.296115, "lng": 113.304052 },
  { "label": "建阳书舍", "lat": 23.296009, "lng": 113.305591 },
  { "label": "南沙牌坊", "lat": 22.80136, "lng": 113.533521 },
  { "label": "小龙村长巷门楼", "lat": 23.017199, "lng": 113.395338 },
  { "label": "小龙村乡约", "lat": 22.961639, "lng": 113.435803 },
  { "label": "岳溪小学旧址", "lat": 22.985285, "lng": 113.470347 },
  { "label": "先锋四巷门楼", "lat": 22.942502, "lng": 113.362892 },
  { "label": "永汉电影院", "lat": 23.12129, "lng": 113.26928 },
  { "label": "竺园", "lat": 23.118486, "lng": 113.296568 },
  { "label": "培正小学善正楼", "lat": 23.119371, "lng": 113.287832 },
  { "label": "华英医院旧址", "lat": 23.131114, "lng": 113.286258 },
  { "label": "广东大埔同乡会旧址", "lat": 23.120796, "lng": 113.271993 },
  { "label": "坑口村乡约", "lat": 23.075889, "lng": 113.237214 },
  { "label": "《群声报》报馆旧址", "lat": 23.116907, "lng": 113.251795 },
  { "label": "《宏道日报》报社旧址", "lat": 23.117185, "lng": 113.251776 },
  { "label": "民声日报社旧址", "lat": 23.117625, "lng": 113.251728 },
  { "label": "乐干楼", "lat": 23.106028, "lng": 113.281487 },
  { "label": "岭南画派纪念馆", "lat": 23.092635, "lng": 113.278528 },
  { "label": "马应彪夫人护养院副楼", "lat": 23.096091, "lng": 113.296798 },
  { "label": "广州市美术有限公司画棚旧址", "lat": 23.147279, "lng": 113.310079 },
  { "label": "暨南大学化学楼", "lat": 23.130535, "lng": 113.348576 },
  { "label": "东郊公园湖心亭", "lat": 23.126824, "lng": 113.365284 },
  { "label": "东郊公园双层亭", "lat": 23.126824, "lng": 113.365284 },
  { "label": "华南农学院8号楼", "lat": 23.158908, "lng": 113.356424 },
  { "label": "华南植物园草坪办公楼", "lat": 23.183036, "lng": 113.366548 },
  { "label": "蒲岗桥", "lat": 23.183036, "lng": 113.366548 },
  { "label": "棕榈休息亭", "lat": 23.183036, "lng": 113.366548 },
  { "label": "高滩村“送瘟神”纪念碑", "lat": 23.564752, "lng": 113.781339 },
  { "label": "大田村苏塘路古井", "lat": 23.290103, "lng": 113.624265 },
  { "label": "五联村凉亭", "lat": 23.36866, "lng": 113.822033 },
  { "label": "龙岗村古桥", "lat": 23.295692, "lng": 113.710031 },
  { "label": "木棉村公社礼堂", "lat": 23.546277, "lng": 113.585226 },
  { "label": "钱岗村兰集堂", "lat": 23.546277, "lng": 113.585226 },
  { "label": "广钢铁路专用线花地河大桥", "lat": 23.093203, "lng": 113.224566 },
  { "label": "珠江电影制片厂行政楼旧址", "lat": 23.094607, "lng": 113.321088 }
    ]
  }