{
    "label": "Religious Buildings",
    "visible": false,
    "items": [
      { "label": "小洲村玉虚宫", "lat": 23.061028, "lng": 113.355997 },
  { "label": "同福中路伍氏宗祠旧址", "lat": 23.103996, "lng": 113.257574 },
  { "label": "方石曹氏宗祠", "lat": 23.319805, "lng": 113.288335 },
  { "label": "广伦钟公祠", "lat": 23.244256, "lng": 113.283213 },
  { "label": "南野公祠", "lat": 23.546277, "lng": 113.585226 },
  { "label": "必遂李公祠", "lat": 23.546277, "lng": 113.585226 },
  { "label": "寅中祖楼", "lat": 23.546277, "lng": 113.585226 },
  { "label": "仁卿李公祠", "lat": 23.546277, "lng": 113.585226 },
  { "label": "东林梁公祠", "lat": 23.052134, "lng": 113.374942 },
  { "label": "元始梁公祠", "lat": 23.050954, "lng": 113.373817 },
  { "label": "南园崔公祠", "lat": 23.047802, "lng": 113.372137 },
  { "label": "北亭村陈氏宗祠", "lat": 23.047285, "lng": 113.372265 },
  { "label": "愚菴崔公祠", "lat": 23.047285, "lng": 113.372265 },
  { "label": "福缘林公祠", "lat": 22.964403, "lng": 113.354433 },
  { "label": "斐客白公祠", "lat": 23.080506, "lng": 113.333954 },
  { "label": "洪积刘公祠", "lat": 23.374185, "lng": 113.266123 },
  { "label": "贤德刘公祠", "lat": 23.374185, "lng": 113.266123 },
  { "label": "文鳯陆公祠", "lat": 23.103278, "lng": 113.46463 },
  { "label": "秀之刘公祠", "lat": 23.20335, "lng": 113.53686 },
  { "label": "郑田庙岭村石王古庙", "lat": 23.217179, "lng": 113.827773 },
  { "label": "长流村镇庆庙", "lat": 23.736767, "lng": 113.803976 },
  { "label": "沙湾镇承芳里社稷坛", "lat": 22.907173, "lng": 113.335969 },
  { "label": "沙湾镇何氏翰林祠", "lat": 22.905033, "lng": 113.337591 },
  { "label": "沙湾镇何氏三代文魁祠", "lat": 22.907578, "lng": 113.340768 },
  { "label": "伯季合祠", "lat": 23.076809, "lng": 113.513388 },
  { "label": "济川江公祠", "lat": 23.279395, "lng": 113.235404 },
  { "label": "羽吾大夫祠", "lat": 23.273033, "lng": 113.237548 },
  { "label": "南清江公祠", "lat": 23.311312, "lng": 113.240493 },
  { "label": "宥庄沈公祠", "lat": 23.325988, "lng": 113.285755 },
  { "label": "永荫堂", "lat": 23.34957, "lng": 113.291662 },
  { "label": "国政周公祠", "lat": 23.165352, "lng": 113.240501 },
  { "label": "白土村和益南街方氏祠堂", "lat": 23.357504, "lng": 113.43059 },
  { "label": "光明村宋氏祠堂", "lat": 23.33818, "lng": 113.415153 },
  { "label": "光明村梅州司铎", "lat": 23.33765, "lng": 113.416094 },
  { "label": "岭东村冯公四房祠", "lat": 22.790564, "lng": 113.396373 },
  { "label": "仲贵祖祠", "lat": 22.764949, "lng": 113.579407 },
  { "label": "塘坑村朱氏公祠", "lat": 22.753098, "lng": 113.573064 },
  { "label": "林隐陈公祠", "lat": 23.037954, "lng": 113.451157 },
  { "label": "沙涌村祠堂", "lat": 22.956052, "lng": 113.425467 },
  { "label": "礼村高氏二房祠堂", "lat": 23.040805, "lng": 113.312638 },
  { "label": "潭山村天后宫", "lat": 22.992833, "lng": 113.449823 },
  { "label": "南昌祖祠", "lat": 23.048176, "lng": 113.445768 },
  { "label": "江南村李氏宗祠", "lat": 22.992414, "lng": 113.368022 },
  { "label": "楚庭陈公祠", "lat": 22.983587, "lng": 113.399634 },
  { "label": "茂盛陈公祠", "lat": 22.983914, "lng": 113.399786 },
  { "label": "紫坭村韩氏宗祠", "lat": 22.896683, "lng": 113.290696 },
  { "label": "秉熙曾公祠", "lat": 22.961393, "lng": 113.434121 },
  { "label": "李氏宗祠（敦本堂）", "lat": 23.122054, "lng": 113.233391 },
  { "label": "礼祐关公祠", "lat": 23.059294, "lng": 113.234761 },
  { "label": "善崙蔡公祠", "lat": 23.128874, "lng": 113.233617 },
  { "label": "德华潘公祠", "lat": 23.127346, "lng": 113.340076 },
  { "label": "上社村仁圣宫", "lat": 23.13481, "lng": 113.373299 },
  { "label": "慕隐潘公祠", "lat": 23.125427, "lng": 113.386516 },
  { "label": "镇龙村黄氏宗祠", "lat": 23.27971, "lng": 113.57342 },
  { "label": "伦江张公祠", "lat": 23.081318, "lng": 113.501179 },
  { "label": "横坑村观音古庙", "lat": 23.130587, "lng": 113.460339 },
  { "label": "子安刘公祠", "lat": 23.203473, "lng": 113.535129 },
  { "label": "颖远任公祠", "lat": 23.436279, "lng": 113.052397 },
  { "label": "自求钟公祠", "lat": 23.340283, "lng": 113.096101 },
  { "label": "直斋公祠", "lat": 23.197042, "lng": 113.769726 },
  { "label": "仙塘村冯氏宗祠", "lat": 23.152781, "lng": 113.825011 },
  { "label": "诒榖单公祠", "lat": 23.165483, "lng": 113.801021 },
  { "label": "东洲村东洲大道钟氏大宗祠", "lat": 23.098219, "lng": 113.592361 },
  { "label": "湾谷村罗氏祠堂", "lat": 23.201741, "lng": 113.665791 },
  { "label": "郭村达宽郭公祠", "lat": 22.935567, "lng": 112.182537 },
  { "label": "光耀村又昌路陈氏祠堂", "lat": 23.3549, "lng": 113.854952 },
  { "label": "光耀村新屋路陈氏祠堂", "lat": 23.3549, "lng": 113.854952 },
  { "label": "黄塘村梁氏宗祠", "lat": 23.403936, "lng": 113.852769 },
  { "label": "西湖滩村郑氏祠堂", "lat": 23.403327, "lng": 113.890401 },
  { "label": "老屋村郭氏祠堂", "lat": 23.371006, "lng": 113.618712 },
  { "label": "横塱村刘氏宗祠", "lat": 23.257928, "lng": 113.71489 },
  { "label": "君松徐公祠", "lat": 23.546277, "lng": 113.585226 },
  { "label": "龙聚村曾氏宗祠", "lat": 23.546277, "lng": 113.585226 },
  { "label": "龙聚村胡氏宗祠", "lat": 23.546277, "lng": 113.585226 },
  { "label": "龙聚村胡氏祠堂", "lat": 23.546277, "lng": 113.585226 },
  { "label": "济尧梁公祠", "lat": 23.57576, "lng": 113.425751 },
  { "label": "悦涯祖祠", "lat": 23.546277, "lng": 113.585226 },
  { "label": "春盛公祠", "lat": 23.546277, "lng": 113.585226 },
  { "label": "埔顶将军楼", "lat": 23.546277, "lng": 113.585226 },
  { "label": "大凹村李氏宗祠", "lat": 23.511276, "lng": 113.558123 },
  { "label": "约斋黄公祠", "lat": 23.546277, "lng": 113.585226 },
  { "label": "南向村钟氏宗祠", "lat": 23.546277, "lng": 113.585226 },
  { "label": "天颖廖公祠", "lat": 23.546277, "lng": 113.585226 },
  { "label": "原英陈公祠", "lat": 23.546277, "lng": 113.585226 },
  { "label": "民国广东警备司令部旧址", "lat": 23.13023, "lng": 113.267167 }
    ]
  }